,A,B,C,D
2000-01-01,0.5685893623457713,-1.2596591025003643,1.635416697396753,0.13872246262318902
2000-01-02,0.31185918433255166,-1.0829905930973678,1.518475963013699,-0.05902404209269549
2000-01-03,-0.16162464189543274,-1.41708921194664,1.6947771083847862,0.2809236081010934
2000-01-04,-0.09939498229593599,0.2546126556968129,2.8711445006805896,-0.14602286551773352
2000-01-05,0.07611187874316708,-1.2745745313611725,3.629976867117662,-0.2759764030186228
2000-01-06,-0.3252829561196213,0.8661960623700404,3.4609913258910576,-1.6076580275309307
2000-01-07,-0.7862476533201835,2.4360026841531,3.6038051504187707,-2.112273284006374
2000-01-08,-0.4616007137155735,2.060752854852876,5.593062494803499,-0.16903837216532125
2000-01-09,-0.9587747441198522,1.649179860127397,6.729855748755764,0.775346613105448
2000-01-10,-0.7727025414828649,1.2561083837758635,6.952750019032707,2.6393537786228274
2000-01-11,0.024514597286444006,0.6475256586942891,5.174302166985276,2.3917446397179587
2000-01-12,0.15430290967052654,1.7543135318804892,4.501422655079594,2.4409050284850493
2000-01-13,-0.35633979473242905,-0.0849268352492889,4.332720894018221,2.108770741149239
2000-01-14,-0.313634192000571,1.0488424692492329,5.104620847238852,2.8747013460360797
2000-01-15,-0.7137553390308885,-0.8912624511022966,6.645486854994122,3.832324128688329
2000-01-16,-1.315830855501197,1.6950222897175937,7.5809095280976315,3.981680514788551
2000-01-17,-0.6903738534492244,1.246084725671618,7.930272245506246,2.5149295919423222
2000-01-18,-2.2962436403617543,1.1845018048937719,10.33050743800425,2.8016805009498738
2000-01-19,-2.5678608388229787,-1.0813520720371905,9.684599169713733,3.470740867875956
2000-01-20,-1.9467418879332103,-0.4801512035279416,9.507774030242683,1.9859240082924112
2000-01-21,-1.464860599604639,-0.03754721832381813,10.427564030721992,2.496628476931185
2000-01-22,-0.17386323535468873,0.4929667607139079,10.782347170336514,3.35805676091584
2000-01-23,-0.46710076273200646,-0.15700360194844065,10.534867854474943,4.21000340639033
2000-01-24,-0.9296227885430454,-1.3702766281520786,10.15498101990505,4.070297755137441
2000-01-25,-0.3075865882962596,-2.0966234294342305,11.236146260418018,4.678954885091146
2000-01-26,-0.15400036967375,-1.6611919605617216,10.84396953690497,5.09601934572816
2000-01-27,0.9139977151502052,-0.7405102334580816,11.323578966370224,3.600785855492204
2000-01-28,1.5880142763685607,0.02234216511404652,11.007885418039352,3.09137524513937
2000-01-29,2.377630231739511,-0.8587821333159065,10.790366462716142,3.145876924449134
2000-01-30,1.6783883692982373,-1.2018456021751485,11.585113789299605,4.620584308323965
2000-01-31,1.2812690172540087,-1.4404325151761903,10.292706878020145,4.489403176419475
2000-02-01,-0.007847472572212189,-1.9530712534306542,10.703959483090578,3.543317760547848
2000-02-02,-0.08185157029044393,-3.5111332522372627,12.032539359277937,3.1635940052429077
2000-02-03,1.0700505330655083,-5.208687339609656,12.162524339862516,3.441453729840524
2000-02-04,1.22168007103543,-5.845204282527506,12.627875382365362,3.5223461093183888
2000-02-05,1.3430937195179014,-5.569979190979927,13.537701381498811,3.551529546438362
2000-02-06,0.7112560565158406,-6.455164146881625,13.388953435922224,4.1787092617942685
2000-02-07,0.25212279889351336,-6.489361211896734,12.013663836686318,3.6225853993871553
2000-02-08,-1.369525762908159,-7.238295197633026,13.079040603202502,4.732178728872841
2000-02-09,-1.3042774344454697,-7.020979137206089,12.754034841771864,4.4457690322083305
2000-02-10,-0.9679616481753112,-7.9516353730047085,13.453245770121745,4.067630158836131
2000-02-11,-1.2790767106486036,-8.591113035839115,11.100997208361248,4.01978628096697
2000-02-12,-3.463169605992184,-7.93599519838237,11.036117232221324,4.0132573617170015
2000-02-13,-2.5113554423051734,-5.187618898169177,10.349577239571177,4.439435815784854
2000-02-14,-3.466353186105117,-5.825667481773701,10.759434433483746,3.5250531185710208
2000-02-15,-0.11990237509182355,-5.22774614162725,11.416524061792593,3.5112476340849144
2000-02-16,1.1975288930034034,-5.597054617192319,12.953961033425252,4.110522352412764
2000-02-17,1.689463443591729,-5.376284510258857,12.356140415922319,4.828510809324985
2000-02-18,1.6313754371219624,-4.934867890247586,12.332949708429755,6.045758988824959
2000-02-19,0.3687025644982882,-6.181745383726348,11.953445849446911,6.265225642469117
2000-02-20,-0.5152536854934583,-5.758503110555287,10.779521185670363,5.142297297527163
2000-02-21,-1.1019080310579752,-7.084318437748762,10.5519775732209,4.081218844244109
2000-02-22,-0.6640396296317883,-6.541861094639674,11.969984513962872,3.451028468140369
2000-02-23,-1.834664209121891,-7.045132687944853,11.927065381395543,4.1346633331897165
2000-02-24,-3.5498425562407174,-5.236647355185246,11.727548951413716,4.140847905232868
2000-02-25,-4.954542874563655,-5.775283100588107,13.432740531350602,4.521709992747651
2000-02-26,-4.810302773515842,-6.658909381946864,13.352695672682167,4.331059296958437
2000-02-27,-2.459131566065887,-4.894355333412349,12.216075108352882,4.134882380542199
2000-02-28,-3.2339467808577034,-2.952683357313072,11.965471953927668,3.3226176925853634
2000-02-29,-4.55703330109243,-4.51660783510454,12.29275448959713,4.4240451493057815
2000-03-01,-7.273688267891865,-4.716241950256627,13.20218566740872,5.617664429556867
2000-03-02,-7.245808280530658,-5.1679794331595,13.276288700387907,5.492487328281655
2000-03-03,-7.240189267091353,-5.309789792994469,13.372125209440663,5.941996836976643
2000-03-04,-8.21879073694075,-3.1203860775212635,12.389545769641652,6.632226995731804
2000-03-05,-7.842867323738893,-3.7602845638115676,13.321091097145402,5.072940812273067
2000-03-06,-9.825825231100186,-3.6940370415335195,13.909042331494243,5.6483288459588685
2000-03-07,-10.676427372043158,-3.0565232575061465,14.057234271940944,6.988036496249971
2000-03-08,-10.976152090169869,-4.629326612905771,13.107987627763665,6.473515900849161
2000-03-09,-10.545288789053096,-4.2337328450373635,11.758664676609511,6.9508266479335195
2000-03-10,-10.909776902039981,-3.9440693773767665,12.0094235071571,7.406747859616281
2000-03-11,-11.201678032270333,-3.8985682910432677,13.29857500282006,6.519174835983838
2000-03-12,-10.668085166682527,-5.090142262201268,13.253593920001327,6.051151445877949
2000-03-13,-9.043001320735252,-4.824482711866097,13.339621121003983,5.166737150448858
2000-03-14,-7.928544107820246,-4.4358989105665625,13.258164374006686,6.123294252577637
2000-03-15,-8.682664826749038,-4.051446429005912,13.113275549952018,6.470134992953136
2000-03-16,-7.098747726051386,-3.723263623169681,12.886316433807664,6.209926395642661
2000-03-17,-8.589659694235502,-5.019162947338038,14.01033242874741,6.704996243654081
2000-03-18,-8.758791047136043,-5.509319329532099,12.822941973422422,7.497009701739819
2000-03-19,-9.751609874910638,-6.029674693958955,12.702699559267872,6.652771006871101
2000-03-20,-9.812351050426662,-7.80849164716718,14.442224440972385,5.918110676235383
2000-03-21,-9.428275259186032,-8.097394266058187,14.440331297311982,5.652234449341981
2000-03-22,-9.169459720738223,-8.646223893052133,14.107647110174142,6.2714762919619185
2000-03-23,-8.382168976398017,-8.505855983003167,13.914025034828489,6.199705725493636
2000-03-24,-9.604528171170298,-7.359911560845591,14.647554684653223,5.672343070157846
2000-03-25,-10.348964677869164,-7.541278643830068,14.418673488919271,5.625326791802812
2000-03-26,-9.54346282817651,-7.834590841219088,15.20534429412407,5.162669958680524
2000-03-27,-7.45727171046885,-7.03216247030812,15.139590396474626,4.35400470574119
2000-03-28,-6.888064905128085,-6.845556262112949,16.41676516886723,1.8348096643868756
2000-03-29,-7.425720632765137,-6.746711824246536,15.657301168703492,1.4060937576526655
2000-03-30,-7.59711787939364,-8.053824789547528,16.281205266746937,-0.16473089816610087
2000-03-31,-8.544267533896022,-9.042309579711192,15.196392716254998,-1.9270462007777156
2000-04-01,-7.393175240529586,-7.837255537741011,14.799218993066388,-3.3022399844219823
2000-04-02,-7.3709175388049015,-8.849500808774854,14.077687581105156,-1.8090436450727663
2000-04-03,-6.504957635866841,-7.5856932083377195,13.69850039177039,-2.2435747152365146
2000-04-04,-7.0372383102292515,-8.14573936419699,14.086898378513768,-4.075486013310379
2000-04-05,-7.359517330686321,-6.529488906933038,13.249707855726866,-5.886374370608669
2000-04-06,-6.664222935086841,-7.133535933900983,13.256720197020343,-4.712932419252039
2000-04-07,-8.096277665232403,-6.930540697920487,12.668170144268064,-5.228208843165067
2000-04-08,-8.815253856858533,-7.924954013237183,11.924804183755336,-5.029911762176673
2000-04-09,-9.276325864045557,-7.2553338682762485,12.397561406504092,-4.939779512122942
2000-04-10,-8.55157227231759,-7.44242687571655,14.293714622040806,-4.732303036636665
2000-04-11,-9.000863540486945,-7.688656475961614,13.869651174126853,-4.573077869859064
2000-04-12,-8.604108572780142,-8.33090609643826,12.535046816356862,-5.437436473887336
2000-04-13,-8.173867117668173,-8.671433767316824,13.798836797279522,-4.939030977052555
2000-04-14,-9.747868488148859,-7.618202747243844,12.409977866644027,-5.661900514826581
2000-04-15,-9.787549023563816,-8.207111067594186,12.436726250956289,-5.299769677455883
2000-04-16,-9.658988429804493,-7.79163380341636,13.77534432122089,-5.162230195398182
2000-04-17,-10.447432658715465,-8.640678828713382,12.807944078926754,-5.6615908874379315
2000-04-18,-10.739548876058826,-8.453000020748988,12.443120304273814,-5.460486915261296
2000-04-19,-10.501035256684618,-8.77432315871411,10.85835842015629,-5.1800351795947615
2000-04-20,-8.618109653177017,-7.546174201996495,8.841967991175274,-4.190373806506419
2000-04-21,-7.3115389816433325,-6.729622318496959,10.963241775952596,-3.620275991490244
2000-04-22,-9.30856033748387,-6.439653564200327,10.503770393989695,-1.7437122679627362
2000-04-23,-8.401650408396582,-6.989962324632002,9.988181429077775,-0.19594264764410796
2000-04-24,-7.553684720337888,-6.495168820827077,10.662474804992478,-1.7145434815348224
2000-04-25,-4.7083276284538105,-7.31658739555004,11.26803251521195,-0.9513617602126379
2000-04-26,-2.938676915235855,-8.582697327367427,11.409382586928475,-2.5360414523263954
2000-04-27,-3.1957223040815075,-9.343900155995167,11.88973523827767,-3.05285298246907
2000-04-28,-3.6481959194437614,-9.000252133485562,12.988431185620163,-3.5604224028445834
2000-04-29,-3.2245500094947745,-9.616372342041418,13.474080451235388,-2.5487241410430306
2000-04-30,-4.068824667354557,-8.745978837726113,12.701579190069774,-2.8274488560675604
2000-05-01,-4.0945806211408025,-8.738581199706168,12.239481656133357,-4.41162233779743
2000-05-02,-3.625763310867134,-7.975855641842226,11.946677226016426,-4.046637326372863
2000-05-03,-4.477929197540594,-9.535142231397423,12.169486161247631,-4.660168056418293
2000-05-04,-3.731185462983971,-7.87896261720134,12.104220100916711,-5.553707146906071
2000-05-05,-4.411712117392632,-9.03066226861085,11.995369811576255,-5.195850175611051
2000-05-06,-4.459525188073727,-9.830188923054177,11.58929970366771,-5.681166187326171
2000-05-07,-4.823276145129725,-9.667063008610167,10.900444941831037,-6.675938334831702
2000-05-08,-4.464715533848446,-11.141541945925006,11.021788116737941,-6.749641593935465
2000-05-09,-5.278273767810101,-10.686916596024528,11.865012651552686,-7.045924187348363
2000-05-10,-4.458882977220792,-12.276101243679825,12.244561744366937,-7.544738170517334
2000-05-11,-3.3325733860396505,-12.812182473946857,12.658471919663642,-8.464267423461354
2000-05-12,-4.110732313752543,-13.259742405367923,11.84790132622802,-10.169158297828385
2000-05-13,-3.850826482546683,-13.152449612853735,10.816792315667286,-10.340866926757124
2000-05-14,-5.44332916855501,-12.468646551185687,10.94467376151982,-9.235247680533146
2000-05-15,-5.310123334414632,-11.856927296607962,11.185940882350515,-9.048469231755165
2000-05-16,-6.73481838227542,-12.215116015580373,11.065712269752966,-8.876916288672927
2000-05-17,-6.46864299735169,-10.983649878056196,11.490090501853386,-6.54277383184286
2000-05-18,-6.300862961447756,-12.36722482563909,11.942164461462342,-6.0470642560603345
2000-05-19,-7.746614408450306,-12.386190732401468,12.224640391113203,-5.7391268768416355
2000-05-20,-7.202156128779773,-12.181898983181426,12.567108089700836,-5.825997856814722
2000-05-21,-7.788786608730107,-12.185033895674957,11.942233192485585,-4.6373915604048515
2000-05-22,-8.313204986118102,-11.453954488602506,14.055868020376327,-6.813026861258754
2000-05-23,-8.490193155662322,-11.705547484644361,15.056143712105607,-5.085077124150869
2000-05-24,-7.345783326789415,-12.710401630687118,16.84954683977492,-5.057209445389562
2000-05-25,-7.386597738799243,-12.104602281169438,18.48791738952832,-5.208857883969105
2000-05-26,-7.508481788375333,-11.845829286041027,19.919323469980828,-3.619920518142152
2000-05-27,-7.494067491141455,-12.534948459903175,19.789301146134704,-3.236164817675392
2000-05-28,-8.257560685489155,-12.829688165321345,18.760520852291055,-3.6571380620210268
2000-05-29,-7.595518930387525,-14.45945647938633,18.159753593766784,-2.5705206694293894
2000-05-30,-10.208712917896905,-13.822261990502362,17.85483561166284,-3.803318142164015
2000-05-31,-9.482427399115354,-14.129653621015226,16.829610393972235,-3.16423457449434
2000-06-01,-8.393760756717516,-13.156792661486579,17.531014592253,-3.7317448220995932
2000-06-02,-9.16461454887704,-14.395444380654915,17.23453620214803,-2.0010125301187554
2000-06-03,-9.350059240419831,-13.371164730057595,16.042018342980498,-2.5797268603313706
2000-06-04,-8.964567355263789,-13.88173658274637,14.58020604050465,-2.4108992938486735
2000-06-05,-10.23250262833744,-12.490325274275936,14.598179394747078,-2.2664683715120084
2000-06-06,-9.776941567381009,-13.110812492771002,13.259864788879803,-0.6909298494458731
2000-06-07,-7.806323709426344,-14.433232487927272,12.866539642853251,-0.9613277379982188
2000-06-08,-7.0459921950314435,-12.834131244501526,11.30423718116735,-1.0744939626641434
2000-06-09,-6.660975917044665,-11.681598043544222,10.850792695619253,-2.5689037173776086
2000-06-10,-9.744884938276119,-12.222330737764327,11.374897517247081,-3.082569059900574
2000-06-11,-9.63304023283212,-13.064670296540037,11.376347280770009,-4.36407736763421
2000-06-12,-9.99190767738034,-12.420055949186645,11.98444448978195,-4.133687154578487
2000-06-13,-9.367582151225458,-12.95440259672017,10.764491256088201,-3.7979235962767075
2000-06-14,-9.701661927378376,-10.490923869504254,10.00535366168964,-4.479031662853453
2000-06-15,-8.914712793119788,-8.277423115601193,10.654672502205978,-3.6595351842715274
2000-06-16,-10.012939369059676,-7.702953272739545,10.922089740450296,-3.740792103624975
2000-06-17,-10.790947794953727,-8.549969883555946,11.148815655158568,-3.915722708807835
2000-06-18,-9.860954529655883,-8.895132353504799,11.284542762359527,-2.6679098941148967
2000-06-19,-10.918176318238435,-8.42426031892209,11.366023395689714,-3.795077765861579
2000-06-20,-11.939130289312452,-9.9280917006726,12.337488601017844,-4.467637521611498
2000-06-21,-11.956331004555462,-8.671026779088114,13.376694926386254,-4.255272186651561
2000-06-22,-12.97972814873892,-9.16285592407812,13.426324429987103,-3.2338391303934504
2000-06-23,-13.199470684885377,-8.506040939449315,13.611605942504871,-3.9912129398019096
2000-06-24,-13.353729353670742,-7.617413161214296,12.973382872338314,-3.7463313291258937
2000-06-25,-13.741714870204259,-8.105995243635363,12.858891722567705,-2.5494717808261558
2000-06-26,-13.289649774204452,-7.6511477998758375,11.224010070994412,-1.8295888728413023
2000-06-27,-14.078364911269723,-8.265629732692751,13.902538708234687,-0.6347723001333057
2000-06-28,-15.238970284832217,-6.896541040231345,13.271817700376568,0.42953280135171545
2000-06-29,-15.16155714093733,-5.940678604834614,13.670004155591954,0.5952541380065695
2000-06-30,-15.776648005640945,-6.451515046310643,13.57912571831924,0.6126082084546827
2000-07-01,-14.829762498224426,-5.707733988282294,15.12483534430636,0.7826844456776159
2000-07-02,-15.259081994186454,-5.805499068003968,15.233859716424272,0.6849090149601861
2000-07-03,-16.455809255873593,-7.525195281900229,14.119697223716184,-0.44640788122958874
2000-07-04,-17.30634623750916,-6.772034469840398,13.72740431394809,-0.43367803455840737
2000-07-05,-17.65189150806814,-7.033230250157652,12.87337682444262,-2.4457095595730545
2000-07-06,-17.799552729851275,-7.678310530168725,13.33570347803592,-0.1025460478482052
2000-07-07,-18.09682876536251,-6.682190831933943,12.647497460329745,-1.7553551744059388
2000-07-08,-17.68801716813915,-8.332795142797416,13.479726886639153,-0.8738557851853754
2000-07-09,-18.328735259835298,-7.780708021332034,14.427459815123099,-1.1324641418911885
2000-07-10,-19.63433561074166,-8.322107735816095,14.129881293819341,-1.7367018825628247
2000-07-11,-19.570192512147177,-8.557724896330793,12.978464425176123,-1.7661041696442974
2000-07-12,-19.22645124544284,-8.00867708127177,12.39402993976195,-3.1165152846724853
2000-07-13,-19.266754140072283,-8.011712214784808,11.339691885372869,-2.628383408468995
2000-07-14,-20.574354167747455,-7.260590210926829,11.414455176584939,-3.1867935601850554
2000-07-15,-20.422853748543282,-8.263122432900854,11.245455411891427,-3.341936044055804
2000-07-16,-20.474933234374486,-8.465281260951006,9.980104544422396,-3.218011516237671
2000-07-17,-21.269731559662958,-9.004318769051856,10.186604447837366,-2.4245669208076177
2000-07-18,-22.95767956916887,-9.590786342312198,10.359202322034996,-2.942137145175938
2000-07-19,-21.009730846493433,-8.626951298695705,8.635258255004974,-5.044772744497298
2000-07-20,-21.210177625332502,-8.494346012711727,9.481811495028428,-5.102155968683766
2000-07-21,-20.16463834993809,-9.28636252762354,10.037081618567601,-4.102963410033991
2000-07-22,-19.716446722138873,-9.020941424458593,9.045218897871361,-4.235075465838492
2000-07-23,-19.462208293926132,-10.269362759427752,8.81066959257153,-3.35083797034282
2000-07-24,-19.269774430703382,-10.485705505395988,8.213314479983836,-5.222347948939926
2000-07-25,-18.581204486482342,-10.11237541970829,8.123970740002166,-4.26600045904649
2000-07-26,-20.461190741229583,-9.188600303687494,7.175336935012265,-3.876537388142897
2000-07-27,-19.67143577550494,-9.750437083935974,6.2202074094374185,-3.128851028531342
2000-07-28,-19.572935371038668,-9.311866629469636,7.700622002676608,-4.979019998117551
2000-07-29,-19.325021770382154,-9.630643229652703,5.270042841954809,-4.233930037065149
2000-07-30,-18.842657563253464,-8.687922304642601,6.126188596133758,-5.2968235359203835
2000-07-31,-19.244395410663564,-10.071220647215284,7.822343345425352,-4.9113921431709375
2000-08-01,-19.266302033611243,-11.065212183052196,6.846869470163075,-4.4705283971896455
2000-08-02,-18.964546040357966,-9.678414755833035,7.83779654883836,-3.217605972224848
2000-08-03,-18.775940230447297,-9.50763267683659,8.219868882487486,-3.796982591871273
2000-08-04,-17.824891548009084,-10.701073362133188,7.051682357100685,-4.215311160359194
2000-08-05,-18.0953046978791,-10.828030367777327,5.728558386170412,-5.594917424953825
2000-08-06,-18.901319074866954,-10.805792461019802,7.2605271588736375,-6.391091123595274
2000-08-07,-18.206229822814393,-10.774675351451323,7.970307647306431,-6.446585360666984
2000-08-08,-18.79357821132473,-10.298542851007792,8.274814362087088,-6.295152677014696
2000-08-09,-20.90307401120844,-10.460210009383113,7.345030578663365,-5.5860691450491835
2000-08-10,-20.628724676366918,-10.593635569244874,5.687091855227521,-5.641062791004418
2000-08-11,-21.7041742559993,-10.25558248124265,6.107409426049247,-8.040971925860108
2000-08-12,-21.375216994374636,-10.070532284765395,5.04382248070247,-8.00183326143503
2000-08-13,-22.159799283629393,-9.83870776523916,8.71658734910338,-7.675332371222001
2000-08-14,-21.280902885980048,-10.496067682634349,8.414530781893406,-8.654038533270528
2000-08-15,-21.27648334377621,-10.575880323821055,7.754668052953598,-7.777749686196339
2000-08-16,-19.224445993922973,-12.729848496989701,6.431432348162243,-7.818705904247482
2000-08-17,-17.775229397853018,-12.497628717492386,6.035284477065557,-8.457759298872812
2000-08-18,-17.29935551945618,-12.147927409067174,7.526911861468722,-7.041963910483256
2000-08-19,-16.931568260942107,-12.741248889847792,8.538599102754201,-5.844148514934721
2000-08-20,-18.990757447354216,-12.97871756953855,5.696684612315682,-4.911520147667789
2000-08-21,-19.726801959997857,-12.287420099760363,5.114020424820778,-4.831084386245571
2000-08-22,-18.599180638090182,-10.867520564073669,6.125818800830244,-5.06411214507524
2000-08-23,-19.679106844538115,-11.962327087289406,8.092358911438422,-4.621762289276554
2000-08-24,-19.850958534223807,-10.225740587587804,8.382372503617278,-5.919467031178488
2000-08-25,-19.03837636953738,-10.676807481151238,9.424223806444793,-5.354526708821726
2000-08-26,-18.262766775088178,-10.933094006838326,8.012280699313784,-7.043098792914501
2000-08-27,-19.534538637560246,-11.36123036890698,9.208198794677177,-8.812413938267506
2000-08-28,-20.426278585584285,-12.352635002539229,8.644775132718195,-7.96561374002119
2000-08-29,-19.44974339968297,-11.67443596248083,8.341470920272789,-8.315559509381867
2000-08-30,-20.35427897481195,-13.99975862975889,5.997599495319455,-9.251895706152329
2000-08-31,-20.603570891041592,-15.872468742349042,6.981267871985079,-9.705455952238053
2000-09-01,-19.90711315970444,-16.15887770679623,8.052427945860114,-8.379476339224626
2000-09-02,-20.104875046103842,-15.455482633827886,7.795195231017902,-8.405213227512268
2000-09-03,-19.38608743976644,-17.306438045722764,7.48679761896912,-7.003448189203905
2000-09-04,-17.197095781953465,-16.144751951674536,7.333745087753405,-5.602932058750017
2000-09-05,-15.62663070610153,-15.394740322468587,7.909631693259378,-6.306617859651411
2000-09-06,-15.289781246054941,-17.45283118732054,7.716143006147984,-8.624604586177796
2000-09-07,-14.821920846408652,-16.168776874085538,6.8057257770577575,-8.662760671203207
2000-09-08,-16.78659839970259,-14.267019418811326,5.852337534406391,-9.59370228656652
2000-09-09,-16.87716600646881,-17.02380165197174,7.267788881696623,-9.485979977695784
2000-09-10,-16.26454230943828,-18.496719212762915,6.42921357572425,-11.466087762144275
2000-09-11,-16.346250048348022,-18.741309592729895,6.609429903073174,-10.743657321356308
2000-09-12,-17.1723621738884,-19.115345444944108,8.0989214944408,-10.896223262101163
2000-09-13,-17.726584611099703,-18.584804344716012,6.850983058275301,-9.848546383836721
2000-09-14,-18.363021319014514,-20.652627497898997,6.4346335270925845,-9.451047147307863
2000-09-15,-18.251446229834155,-21.50889163570034,6.660731996923052,-9.07442876957268
2000-09-16,-20.259737113804697,-23.183478961998986,6.861225048698971,-10.036789787810777
2000-09-17,-21.55441188972694,-22.101304832102738,7.460281835368115,-9.989823872689172
2000-09-18,-22.23105941592285,-23.62493077154819,7.180601710385434,-8.650222998286017
2000-09-19,-21.66829267717481,-24.11616289358984,8.194257020863162,-11.409601167200327
2000-09-20,-19.879445905629186,-23.897654879143374,7.820839105355193,-9.292681996128142
2000-09-21,-20.071422430768884,-22.448036268453738,8.166006311540672,-9.961618181052328
2000-09-22,-20.754519729435284,-22.51693831804279,7.022019289269089,-9.418997450770409
2000-09-23,-18.565257541752825,-22.727979968884423,9.542064106102497,-8.511082836639073
2000-09-24,-19.64034824743985,-22.430207603200206,10.18605355722772,-6.945518573840408
2000-09-25,-17.23827883250001,-22.39040696317714,9.29607016602707,-8.034105592430654
2000-09-26,-16.535195591385484,-20.658653041609412,7.93255132828048,-9.221463585094813
2000-09-27,-16.241902386760998,-18.9738975193246,6.347831568509526,-8.950753501697411
2000-09-28,-18.415030317615802,-18.06454896093909,5.056043661723332,-9.184334488999207
2000-09-29,-18.038165020602314,-18.07765352929969,4.152556932581878,-10.717443522263345
2000-09-30,-16.66516744405727,-18.685956456298648,2.7342835128753453,-12.419930278009538
2000-10-01,-16.723016613356396,-18.698006042243545,1.8144871482848237,-12.993352634548563
2000-10-02,-15.64756839392035,-19.682858675066953,0.7190541794441518,-12.893874945903473
2000-10-03,-15.592881050847819,-20.043105310577833,0.8263595363959972,-11.44894345454987
2000-10-04,-17.593640605562115,-20.193582063732613,-0.13046414680015428,-11.093248709175507
2000-10-05,-17.156134272526458,-21.227904117344078,-0.7438598304340243,-13.47513888890857
2000-10-06,-19.757219387126195,-20.548652312973836,-0.26436926540678246,-12.774865550742227
2000-10-07,-18.257433478668045,-20.76911501247862,0.33020434427535134,-12.688699452950225
2000-10-08,-17.866288743127768,-21.060367393891042,1.0563078223052043,-13.348215934774265
2000-10-09,-17.921122560327557,-20.402316990092952,1.8223702940099953,-14.027840557664566
2000-10-10,-17.71947179025942,-19.649830792569585,0.8428311006543837,-14.962108327333432
2000-10-11,-18.4927356967596,-18.786896036503748,-0.9162647127842883,-15.508679848520524
2000-10-12,-19.84655435834827,-20.138718129907684,-1.3902337562064782,-14.766851756578541
2000-10-13,-18.843810661597807,-20.22139375323164,-0.762796482702232,-14.565479363712733
2000-10-14,-17.88252253574501,-22.664130925864345,-2.436582223013956,-14.811617100898626
2000-10-15,-17.46582305361008,-22.794317744951275,-0.7042396165869607,-15.240627525547668
2000-10-16,-16.859620943934093,-22.482992599621333,0.3498181662207758,-17.550374813524016
2000-10-17,-16.445991853148637,-23.362455397504586,-1.1324936316972631,-15.594708199576392
2000-10-18,-15.670461648299735,-23.989606337216653,-0.4059996366377353,-16.23404825295803
2000-10-19,-14.978728503737136,-23.165840731841097,0.43239649890885157,-17.16390299837088
2000-10-20,-13.249620927267463,-20.910184001609064,2.4181095747109502,-17.649920355650583
2000-10-21,-12.16727979011445,-21.296252632871592,2.2732644129092154,-16.923461232555145
2000-10-22,-13.772225810053925,-21.402756416023664,1.0948603923166367,-16.717195427816172
2000-10-23,-12.738244449234122,-21.739811534136948,1.5282705215953831,-17.153172175850855
2000-10-24,-12.843591924690303,-20.84190523160958,1.4854150904619523,-15.5432969528376
2000-10-25,-12.311298310718895,-20.936985796302306,2.1694618163475154,-15.08129776788727
2000-10-26,-12.177180000954255,-19.605156791733688,2.3130624877748103,-14.387474652874984
2000-10-27,-12.098803476231204,-20.177616101571886,2.0561013810670175,-13.771248138159882
2000-10-28,-12.419557696597241,-20.199160556886863,2.1054046974556178,-13.119066024653904
2000-10-29,-12.947625007162195,-19.596130203760648,2.45735897684106,-12.198966861400287
2000-10-30,-13.940524013349425,-19.35120701377572,3.027074872454795,-11.873024708323067
2000-10-31,-13.950153174329154,-21.240249218455904,4.121036040392558,-14.174982401316162
2000-11-01,-12.765999786682315,-21.024670170313986,4.770291415433442,-13.324772376292579
2000-11-02,-11.561382575317568,-21.439724425582238,6.0156514029693735,-13.05156175584641
2000-11-03,-10.80568277935501,-22.271900218500768,7.003510829247457,-13.536014752023156
2000-11-04,-10.309788549278236,-20.270858016345162,7.400918462062056,-12.248007700396899
2000-11-05,-11.525656766988277,-20.591738623952036,7.77293366039468,-11.095545517848333
2000-11-06,-11.761215407746286,-21.21779489762877,8.098764791025978,-10.173193762733636
2000-11-07,-11.96789844887232,-19.173242834252488,8.09265262402009,-10.007412818657059
2000-11-08,-11.536609823067266,-19.37895993364861,7.7075028496650635,-11.11606095715698
2000-11-09,-13.068358951932957,-20.308545605337184,9.526497963790597,-11.383228620565248
2000-11-10,-13.853158608324312,-21.476475155025035,9.106366880696443,-11.35678786273145
2000-11-11,-13.759258446384054,-21.425413498000886,9.46090841728951,-11.801141641547254
2000-11-12,-14.465954138566445,-21.80867688464072,11.005358272061674,-12.105757060321556
2000-11-13,-13.979300751017,-20.85987224680042,8.40276052283216,-11.570051313300585
2000-11-14,-14.399658894857723,-22.046335240779086,8.802114118056265,-10.36989201653997
2000-11-15,-14.730623041222143,-22.617805184761977,7.6201345787010775,-9.249275200564242
2000-11-16,-16.39036746751895,-21.173865912216773,9.505076083842473,-10.045811598061412
2000-11-17,-14.691591851046445,-20.160957952173817,9.744653606469107,-9.826183711708955
2000-11-18,-15.57042062277183,-20.279200226793627,10.242814609767258,-9.83288245502262
2000-11-19,-15.316856629152795,-19.510050765170064,9.353064369345807,-9.846212839198504
2000-11-20,-16.22309107141581,-18.851911119736208,10.292198436435172,-9.837002634187987
2000-11-21,-17.309542136274587,-18.997642280855487,10.735990899741864,-8.62954332559431
2000-11-22,-18.300130811185443,-18.90326638357779,11.403455830481374,-9.39174733416191
2000-11-23,-17.69286879042792,-18.694818325926878,11.867316814678428,-9.321993123090778
2000-11-24,-15.56516390251593,-19.533053538806886,12.377369610894068,-8.960604795903569
2000-11-25,-15.010674273533176,-18.817237637018593,11.7764791835401,-8.233655941257895
2000-11-26,-16.651701854509508,-17.30573983943234,12.196502018164054,-6.928297794942636
2000-11-27,-15.793604558064434,-16.639907395985173,11.107892698268108,-6.627601033287973
2000-11-28,-15.660325737513228,-16.707221322503166,9.40627058850916,-5.745713867694047
2000-11-29,-18.115662458445343,-14.21451843713439,8.35550970049275,-5.912641304890308
2000-11-30,-17.915110120937527,-14.433818770151195,7.179929053535136,-5.859906393853236
2000-12-01,-17.84811281468358,-13.496113084198214,8.0818031216881,-5.356432612137821
2000-12-02,-18.554670829972675,-12.60536450737915,8.299222640362485,-4.914693853144483
2000-12-03,-17.755444493082532,-14.35678147208239,9.668295915565112,-4.045139013284706
2000-12-04,-16.023127132065227,-15.255795374798309,8.543441338158885,-5.313119525614802
2000-12-05,-16.475821132542976,-16.706822619929316,9.738114578965297,-5.0720121098815705
2000-12-06,-17.84423713684823,-15.63199342646889,9.382700488974475,-4.671206161167336
2000-12-07,-18.058141174675182,-15.006910867795405,11.23822871123975,-5.163613071790483
2000-12-08,-19.36681688877391,-14.59663110545089,9.820771768103299,-5.687877462807649
2000-12-09,-18.481017113928562,-16.845943780231174,12.502197560627,-5.885681325356027
2000-12-10,-17.691789288813,-17.02907154890921,12.217674294364546,-5.435204294176623
2000-12-11,-18.452581746694268,-17.1795357023915,12.409970939538427,-3.676953128720483
2000-12-12,-19.211327278843115,-15.03100011830826,12.118623065363321,-5.101800186800104
2000-12-13,-18.54950503315897,-16.037660893848372,13.2447663906316,-4.983803134948218
2000-12-14,-19.62364788347454,-15.97581049543573,13.003450947949394,-4.68646803187535
2000-12-15,-17.797283614580717,-15.818653305280725,13.33080173847019,-5.037117560041574
2000-12-16,-16.983103251372164,-16.411380052570422,13.90494888099863,-3.963042220801483
2000-12-17,-17.6276508406278,-16.284087356501388,14.794949324299472,-5.132668325637528
2000-12-18,-16.733355926501076,-15.745374683552411,15.450975887066889,-2.372998614486176
2000-12-19,-17.01539204834099,-14.82616537977614,16.532087681867235,-4.239561980028881
2000-12-20,-16.350109983605357,-13.617407356349245,15.351872852235749,-3.2458452560020445
2000-12-21,-16.316158754305487,-13.407209132778242,13.877072407173548,-2.9105128440642862
2000-12-22,-16.510387744205207,-14.643260062878767,11.337698501551618,-3.0477680267512692
2000-12-23,-15.095759412055816,-15.651494288698778,11.822598421280174,-4.151203773629449
2000-12-24,-15.455368625960022,-14.554049797190924,11.965891318361866,-3.305773715102462
2000-12-25,-14.737343028673955,-13.48815026052893,14.493368005008445,-3.469103232889919
2000-12-26,-14.789729635935036,-12.938696744894647,15.104819057807552,-2.985634667928664
2000-12-27,-15.956499063139951,-11.25794114300835,17.194137306906395,-2.6887222122358647
2000-12-28,-16.555143388031553,-9.951863867457535,15.93742947732693,-3.7188986385418867
2000-12-29,-17.41243679575109,-9.182801325698014,15.252804805965578,-3.782972602638649
2000-12-30,-17.300165177724093,-9.0001604850223,14.566842569087015,-2.560322918202637
2000-12-31,-16.746782359402836,-8.771384377224546,13.833174211115754,-3.772463360430323
2001-01-01,-16.3257906100279,-8.775729938611265,14.31911929050789,-3.4275128274934086
2001-01-02,-16.29759934905192,-7.859459069623908,12.922851846667461,-2.2441724264534697
2001-01-03,-15.843895454659007,-8.459802065594205,11.510029922752048,-2.8016634091237185
2001-01-04,-15.885412738191786,-8.665803124081522,9.898008416074655,-4.307851323854552
2001-01-05,-15.196799815166997,-9.150907408633461,10.350746763217279,-5.094782846603183
2001-01-06,-14.668293533104762,-8.823228962277318,9.738737073883398,-4.915089562145661
2001-01-07,-13.757447116266933,-9.187305101386773,8.524986056625604,-4.742963982834313
2001-01-08,-13.68436877367895,-10.081634597800841,8.862452154334532,-4.3901774285990935
2001-01-09,-14.220370623372121,-10.016309796355635,7.201788834383442,-4.190264876672674
2001-01-10,-13.183383261783838,-8.959627578383774,7.107626719029056,-4.646049068392712
2001-01-11,-12.965245115247304,-8.254288868636865,7.198644379518492,-3.134908331258039
2001-01-12,-10.71659233581031,-8.003329433726293,8.137978308647687,-4.5168076102200665
2001-01-13,-11.757577471850315,-6.47986254929641,9.527017343411924,-4.324025463379316
2001-01-14,-10.566308461273849,-5.480681061867594,10.208261279507491,-2.2230264124687946
2001-01-15,-10.254203363096618,-4.824411637702619,10.967689200259018,-2.4531494112658843
2001-01-16,-8.889380546021714,-4.54781534458512,9.835758003812984,-3.167932438405953
2001-01-17,-7.732611659330736,-3.6841420125923534,11.699060041247593,-3.388442267001929
2001-01-18,-7.563797520772225,-3.234156853715813,9.549414883462678,-5.400859561528385
2001-01-19,-5.120630751769477,-4.049487719829007,8.80504217942898,-5.067197628660766
2001-01-20,-6.196558943123096,-3.796964283592142,8.622704851976936,-4.785931256205402
2001-01-21,-7.706528170956355,-3.8423107781173456,8.157136821291493,-6.037794252460433
2001-01-22,-6.337807670572165,-3.730047032609159,10.241126030790731,-7.652038724736674
2001-01-23,-8.838948996476914,-5.328387747653535,12.265922709523927,-7.34068527960565
2001-01-24,-8.882692294613234,-3.133937930739151,11.4220661544546,-5.850152517826773
2001-01-25,-5.792477775037665,-2.6624833636610887,13.520911061220643,-4.765025114293563
2001-01-26,-7.101916078717528,-2.6293904340286414,13.431200179131462,-5.094054203861916
2001-01-27,-6.360548338770525,-2.0295556341806527,12.216730464446496,-6.237790025375144
2001-01-28,-6.724776083011094,-2.514975329369027,13.275648697632638,-6.018644859143215
2001-01-29,-5.313775561744176,-0.8418206691146732,13.69141881928345,-4.386021918662841
2001-01-30,-4.509043859236042,-0.41070175533471065,14.126422827807655,-5.24006384035843
2001-01-31,-4.692140172502057,1.993642382310008,14.891917371848969,-4.46375219751475
2001-02-01,-4.580288475719703,1.6932554068697074,13.628863765818858,-4.104545609815612
2001-02-02,-3.3990057003170646,1.4357479679970044,11.002534602067994,-2.3758020752706024
2001-02-03,-3.7183578403108837,0.8008536744314912,10.840731330624166,-1.9935436779249593
2001-02-04,-6.223404140885243,0.767264421168236,10.840311972986234,-1.5154227452578966
2001-02-05,-6.512302662375232,0.3885579375067109,10.813642901119078,-1.8891330960235013
2001-02-06,-6.355198489352174,1.0454611548593113,10.508639462640618,-1.9617790279102827
2001-02-07,-5.9817396992172975,2.6783718136897505,10.711335168950727,-1.9265748623765144
2001-02-08,-6.508772067846655,3.369128730371306,12.854727932817838,-3.81700235796196
2001-02-09,-8.472372310868728,2.382059083979375,11.662472604019728,-3.2343622463926582
2001-02-10,-7.606503506930548,3.0561790934075312,13.370638363005249,-4.380401385967082
2001-02-11,-8.285802758383305,3.824468616063292,11.901811273772342,-5.494961789376587
2001-02-12,-9.285404916780614,2.390601477056094,11.176728077721968,-5.547535471118942
2001-02-13,-8.94232693669449,2.9458120008025803,11.257066961931281,-5.4201041747492305
2001-02-14,-8.913168316449463,3.0892831473864195,10.838419401341866,-5.836215014246921
2001-02-15,-7.756197039414828,3.6971545131317933,9.5160767153017,-7.150278010051819
2001-02-16,-5.769361688788113,3.2272410495419375,8.475930798403331,-6.4418216489831
2001-02-17,-5.756675288875508,4.089412071913872,8.23890423776594,-6.950128571604278
2001-02-18,-5.354886157070606,4.835708154600375,6.523953344679559,-8.18733654656114
2001-02-19,-4.941094375660061,4.5366099679472285,7.533372777147917,-8.239286736985798
2001-02-20,-5.476094884359539,2.2188686527792387,8.200297363930257,-7.062816870482974
2001-02-21,-5.627223687097035,3.367543033221939,8.143260742717366,-8.754547910994548
2001-02-22,-4.987089011111043,2.7498003331717724,9.751218999103276,-8.994649350386188
2001-02-23,-6.084430578319033,3.1378835532367635,11.623100033469802,-10.65642389705803
2001-02-24,-6.460309540896757,3.185920891120817,11.128273703370539,-10.817267545524023
2001-02-25,-7.944914465069903,4.060510063688,10.312941381502135,-11.669388736292552
2001-02-26,-8.418413261823185,2.415631255759444,9.249768757319087,-10.98164065985983
2001-02-27,-10.144326022559131,3.5539799901434153,9.733397446088663,-9.694776388970007
2001-02-28,-9.321743384427295,3.8293982259072488,10.953243426394412,-10.296362723010017
2001-03-01,-8.332656555173227,4.906301067324829,11.511949669741808,-9.968089627509556
2001-03-02,-8.314495463015392,2.8749741176987698,12.580095844965008,-7.6438239027020405
2001-03-03,-7.860471517317146,1.4823818835584386,11.870650487436857,-8.499654926578527
2001-03-04,-8.539618245871045,1.9671403054188081,12.026118844053396,-8.811069739019185
2001-03-05,-8.363983781468697,3.0979744940893856,12.29992269881552,-7.693123428960927
2001-03-06,-8.2413749508399,2.0095601645450945,13.42432019792408,-8.245184025824825
2001-03-07,-7.540996864249444,2.1592981905820876,13.737613628008209,-9.406101284693214
2001-03-08,-9.897286280569958,2.007540248432037,15.95245204893507,-9.592788285036647
2001-03-09,-9.569216653343839,2.111973550191568,15.835322692288731,-8.117103749788933
2001-03-10,-9.36985351902265,2.0458817187999987,17.102731354158557,-10.291580422982419
2001-03-11,-9.699338565581916,2.028806603228033,17.285555188069484,-9.970100544893464
2001-03-12,-7.704547181331121,2.837857727053766,18.3809852267999,-10.95427263053012
2001-03-13,-6.8433537210557,5.195488178142646,16.300868706327076,-12.31149127673166
2001-03-14,-4.8916460242102255,6.193605485364353,16.369062319291938,-11.82539456336392
2001-03-15,-4.774095571322208,6.632343125208928,16.237040669287055,-12.590826858341515
2001-03-16,-5.351208539184432,6.781683927587911,16.984056321806555,-11.427992994358004
2001-03-17,-4.462316075596189,7.0214006049452085,17.142453030493645,-13.927730050017008
2001-03-18,-5.46418374139297,7.4986631996212525,16.846850065607146,-13.637291045285451
2001-03-19,-4.438048739605804,8.05598337711477,16.86252708081392,-16.223799508690416
2001-03-20,-8.150247788156037,8.341001244282468,17.765629955121014,-17.003319644889743
2001-03-21,-8.331566244233466,9.598344648213429,17.85825188814127,-15.828743868603311
2001-03-22,-8.139202747508074,11.736390383417387,16.4243721106396,-14.964288260182142
2001-03-23,-9.582737673302852,13.053596956036397,15.440168700405865,-14.496985153290332
2001-03-24,-10.865372923105758,14.036250200997369,15.91699194545324,-14.10185263374064
2001-03-25,-8.174195078695789,14.30383194020538,17.139506191038592,-14.308511352599936
2001-03-26,-6.818227116783451,14.367617265946798,15.139826073263796,-14.971208376915426
2001-03-27,-6.8803581270292264,13.95191524765569,16.889556883778763,-15.379397400032527
2001-03-28,-6.708878443361903,14.568001520911174,16.046056902581586,-15.261863655597688
2001-03-29,-7.41156679828975,15.12560298523309,15.773787576158972,-15.840683020580732
2001-03-30,-7.765906062419945,14.688931093528469,16.975031887665107,-15.178460200822094
2001-03-31,-8.04782795983689,14.276998154808947,17.836957504399248,-14.52658701571455
2001-04-01,-8.97233114670805,14.925006403587306,17.583206769027292,-15.136547525849053
2001-04-02,-10.322205657236994,14.440137812355669,17.508874009904034,-14.564394615485456
2001-04-03,-10.445691810920156,15.324596025941029,17.252990081750276,-13.801189433546364
2001-04-04,-10.086279198606542,14.941233750767163,16.898143517423176,-13.01819383876644
2001-04-05,-8.879459498551196,14.744806658859508,16.69746047429352,-14.532217271968861
2001-04-06,-9.384344595463455,15.49605810719836,15.594045447737091,-13.260568973783126
2001-04-07,-10.192185339735252,15.517268353790106,15.658706491815447,-14.711061352455554
2001-04-08,-10.590641703737466,15.152967027621111,16.629605963646366,-15.802313995688772
2001-04-09,-12.207626733501852,15.331098437747203,16.737734170421824,-16.700420221298888
2001-04-10,-11.394076166258634,15.231990461434304,17.537196255490777,-16.97116264406789
2001-04-11,-11.32288658343546,15.502409947357233,18.566769992282563,-16.282718713991102
2001-04-12,-10.707363158662067,15.282484426078264,17.81908725048044,-14.638848895239523
2001-04-13,-9.956630817798711,16.19226164367232,19.936484177939136,-12.980857691813148
2001-04-14,-10.403228371157377,16.76184521648363,20.20027531320876,-11.68921364021732
2001-04-15,-9.241727815077232,17.221388321734864,20.444019697692212,-11.33442994124314
2001-04-16,-8.190418889374811,17.593416440611822,19.33166585779419,-11.809525362156332
2001-04-17,-9.941332702264763,18.3770785111443,19.160390980938953,-11.648533404835073
2001-04-18,-10.325767804933468,18.05829037121737,16.672068206783486,-11.619566457336385
2001-04-19,-11.286330870719437,17.65655103298142,17.521330919201063,-13.578863573993855
2001-04-20,-11.238114889088497,16.336343972969427,17.417575643529574,-14.5444981019707
2001-04-21,-9.704708466230601,17.42395467449459,19.2481287215576,-15.232303318407629
2001-04-22,-7.84101287209748,18.10935224801411,18.73548481619839,-15.268103404748626
2001-04-23,-9.449690348351648,17.693150745619153,18.465786920077328,-16.2807564867862
2001-04-24,-9.549464555008516,15.82827216291609,19.620109405217818,-16.658261212473583
2001-04-25,-8.062328963622946,15.767622558398852,19.149882945135662,-16.883955771198178
2001-04-26,-7.6219244352721685,14.790064455435965,18.935050467596426,-15.910341792306813
2001-04-27,-7.228029843264967,14.813970145078265,20.675186826325884,-16.20819117960415
2001-04-28,-7.124192585540672,14.222860711198951,20.245296434330697,-16.261158233805922
2001-04-29,-7.6501703263057275,14.073725843610077,19.812137193200407,-16.487668526683105
2001-04-30,-7.06752249287174,12.823495229219228,21.19259093341684,-17.54260023376431
2001-05-01,-6.753019851638723,13.08089701696219,20.702665549382647,-16.256637278168505
2001-05-02,-5.9074299884154104,13.77737611156239,20.562692234551513,-16.31959976347146
2001-05-03,-5.478510657698621,13.835706545852599,20.686582829788257,-16.85619549772844
2001-05-04,-3.3001197053172056,13.737935222750103,21.784767074750256,-16.541543986584617
2001-05-05,-2.945607916151521,14.700931862038747,22.39644923468374,-16.259878184139787
2001-05-06,-3.8460580107947973,15.705177637785543,21.94428983155208,-14.379414535226365
2001-05-07,-3.3579354210314882,15.517550196287008,20.56506993492279,-14.567564350164256
2001-05-08,-2.523555473916649,16.299909073221283,19.676093073780763,-14.869518057887646
2001-05-09,-0.9452142372778907,16.09447508019443,19.570726002885895,-14.030465860132912
2001-05-10,-1.130806818634871,15.527096439069105,18.72954654476593,-13.90797288570083
2001-05-11,-2.5106182037733022,15.256215721900642,18.589346330193603,-12.95574493067136
2001-05-12,-1.8694654331563771,16.8797978153498,19.42926960102064,-14.80115024291342
2001-05-13,-1.634458629136299,17.367463859385182,20.640223586227254,-16.020886190610852
2001-05-14,-3.2113837132928,17.386255007646895,20.270386520228314,-15.078023356439239
2001-05-15,-3.2994192072908923,18.537334298881163,20.94036302231851,-14.445655906838802
2001-05-16,-3.0599648989925345,18.604638101453588,19.79280922834438,-15.49630641744874
2001-05-17,-2.638562589916968,19.5003863776969,20.125706810566236,-14.90310497617961
2001-05-18,-3.7865735301311876,18.64648156205829,18.6866185796134,-13.081404779827997
2001-05-19,-3.3854040437376276,19.280124415346823,21.02314670897192,-13.492909448525152
2001-05-20,-1.1971204554334909,17.384508496902352,19.885870788662846,-13.474064922764569
2001-05-21,-1.0476133514667358,18.377096263797583,20.999749166974176,-13.142420372075769
2001-05-22,-1.449691411960078,18.466399828185114,20.651477023595415,-11.980381851793362
2001-05-23,-1.3806330676326328,17.336814500175713,21.804122357005735,-11.283415223191293
2001-05-24,-0.6966349237733718,17.532960919954014,20.616245954201485,-9.337193193718006
2001-05-25,-1.7163694169852635,17.897561439387747,21.957899861771686,-9.671534648561886
2001-05-26,-0.7407794558806667,16.748413125425117,21.87294137494683,-11.302107884939458
2001-05-27,-1.190091425928557,16.72928998285451,23.126512795734985,-12.512818921688591
2001-05-28,-2.2684320225554258,15.8852820456432,22.716157701893827,-12.56973621729559
2001-05-29,-4.071273536297755,16.988862850496233,21.749686844569943,-12.682546810863085
2001-05-30,-4.423312426789081,15.400219562603576,22.339650559018413,-12.150087747145486
2001-05-31,-5.039809193635773,16.411725154821124,22.97135147982206,-13.384112103974815
2001-06-01,-3.931922541544461,16.5009615831393,22.57783960613298,-12.2451818402959
2001-06-02,-4.462824927612473,16.66641882335437,21.311959878138122,-10.484914441112366
2001-06-03,-3.416201481018503,15.124779398006979,21.325577915516583,-9.880799407090299
2001-06-04,-3.1175902927135555,13.002386826092556,21.510180851054802,-10.572947260064927
2001-06-05,-1.7209641352544236,13.381391573862144,22.718917626980005,-10.505609194321423
2001-06-06,-1.6222016681850402,14.794814951526037,22.862974139576327,-10.298468159453805
2001-06-07,-2.2611109423799705,15.185209359090074,22.276400156913958,-11.515230728464822
2001-06-08,-1.3283115707632143,15.713226285497477,22.320621467663955,-11.868515984539858
2001-06-09,-1.0826032304065676,16.048028938685135,22.502454036009887,-11.570104061055076
2001-06-10,-1.1218540839356121,16.72996868457531,23.275706302355637,-13.442595840931348
2001-06-11,-2.4007093350610376,17.315933105064055,24.731419469938807,-14.813643469164035
2001-06-12,-3.8246577266879074,18.616506644353297,25.06664623252707,-14.722635457569655
2001-06-13,-4.400326999085946,18.818775512722866,25.234587492271793,-14.74020145360135
2001-06-14,-4.403566825928939,19.02296563606535,25.17328392278289,-16.34140783431667
2001-06-15,-3.9348719918935213,17.674998328721827,24.365704261365842,-16.34731215909946
2001-06-16,-2.7977593460154497,18.60499431903692,22.130732934152782,-16.34216000804697
2001-06-17,-1.5938260516094473,18.30215008770722,24.003985656676402,-14.379565737850175
2001-06-18,-1.1808731690359555,18.707066660983592,24.47306162901043,-14.311940924511648
2001-06-19,-1.5978109717836653,17.716534110041877,25.28166199271191,-13.311172160185373
2001-06-20,-1.306170008406017,19.058844950099658,25.916708612337736,-12.151781805742504
2001-06-21,-1.272312667497683,19.23648259662634,26.57444875760169,-12.970477938544418
2001-06-22,-0.20271866103064218,18.145797868370128,26.403607683940542,-12.354295387046529
2001-06-23,-1.0399849472352851,18.7686166093583,26.33132676220287,-13.172494244037745
2001-06-24,-1.1992490614358065,18.85375848127655,25.560035521897454,-13.421335643590814
2001-06-25,-0.6835932219556327,18.033769951303807,26.16410146929685,-12.526964133850582
2001-06-26,-0.27284343173586295,17.25545230299688,26.61205887039562,-12.873533545365383
2001-06-27,-0.8078544499234601,17.354310731852284,27.442642192481426,-13.374923579966108
2001-06-28,-1.2326237781699094,17.622226825474954,28.63727751890909,-11.264074204298595
2001-06-29,-0.333196070596251,18.83462851473899,26.035663535286133,-11.462833289899226
2001-06-30,-1.48975723226336,19.943443488753363,27.545472128463935,-11.645951560836123
2001-07-01,-2.5517541574275935,18.106607620267955,25.360620762175696,-10.307710026060201
2001-07-02,-2.3948483701464514,17.542748446998097,25.7901325511878,-10.443415361720469
2001-07-03,-0.48072862389684534,16.012782922020826,26.694823211277484,-9.253382056262232
2001-07-04,-2.1729768407338463,15.490026705145056,25.9870640103573,-9.137564375170275
2001-07-05,-1.8223228809565388,16.03437758159906,24.858748188412285,-8.661106962754383
2001-07-06,-2.977575931330159,16.481707487285266,24.048156993996137,-10.912736391739625
2001-07-07,-2.3827583115890523,16.653638403035647,24.020798140568782,-9.990044068170274
2001-07-08,-2.9245669689283025,17.785214532138113,23.996222558070613,-10.831373906230102
2001-07-09,-1.1646173314212676,17.025317211788487,24.72411860109466,-10.376575258282353
2001-07-10,-1.9847558509111247,16.639944366403913,25.47131934361731,-11.826159639609944
2001-07-11,-2.7524030592534356,17.741172482782034,25.16291043689198,-10.982078037656516
2001-07-12,-3.487820519355836,18.19862698836408,26.222172941435883,-11.07445853515547
2001-07-13,-4.098121553711281,17.920313091193634,26.21085570620216,-10.6805334016822
2001-07-14,-4.115580656338717,16.958491188226862,26.43812875476119,-10.034057073815143
2001-07-15,-5.3640888349635265,17.679320319504058,26.77594891240076,-11.193337518582782
2001-07-16,-5.7410358384458275,17.102211913033784,27.558994130921185,-11.114580215882205
2001-07-17,-7.114052422125832,16.863995700989147,28.485423386912238,-10.300950998886815
2001-07-18,-7.6717734696016775,15.510099785181882,29.28036121415385,-11.063110620305096
2001-07-19,-7.807964759110994,16.361470284962955,29.209564450409985,-10.380597796081583
2001-07-20,-8.207076798296297,17.09599629779085,29.480362243373975,-9.158212664634682
2001-07-21,-7.688102930247317,17.787396805530207,29.981574312167226,-9.345074061472195
2001-07-22,-8.74410050008094,15.982968974014993,29.571208926778535,-9.533415279514154
2001-07-23,-7.47809073289187,16.28062703711755,28.947648710132565,-7.82079707947615
2001-07-24,-6.843375128965252,17.507492490321553,29.920053308764796,-7.640186410746897
2001-07-25,-5.886638209645885,18.985926012794067,30.912805975023332,-6.799268850609138
2001-07-26,-6.700875250100846,17.987905826425965,30.760863770288168,-6.82987860162358
2001-07-27,-6.327929503713006,19.705970942671595,31.4265521654935,-6.5661942251101575
2001-07-28,-8.112146203059472,18.3137854153098,31.54984671478605,-7.135209109444029
2001-07-29,-8.06363492832327,16.989132060806497,32.05916164463779,-4.960016608021603
2001-07-30,-8.632202041063834,16.51849858489426,32.333447735257465,-6.253663862403537
2001-07-31,-7.547952465037309,16.614641018993353,30.276313761058663,-6.738585292499208
2001-08-01,-6.451827239573786,17.783248990679816,30.829925543668384,-6.4429636126688745
2001-08-02,-7.9033221968804375,15.852102369128778,31.85670207503968,-7.864831888367095
2001-08-03,-9.273760138096995,16.779912296340267,31.186341356048715,-9.114696196968424
2001-08-04,-9.774921881106692,16.23987943781788,30.39926482531622,-9.102262280680614
2001-08-05,-9.039173043100472,16.464481427731513,31.693890498742654,-8.178953764563143
2001-08-06,-7.619940961839309,16.790529106445895,32.131016253632275,-8.160389701143464
2001-08-07,-6.9997478758864915,16.402080109034397,30.8952071524575,-7.898429934457687
2001-08-08,-7.358971973262543,17.106571194197784,29.12689977194173,-9.965999111012229
2001-08-09,-7.468298300410043,16.919652247335538,31.23848729636397,-9.704726891916891
2001-08-10,-6.485419372353144,16.641857271049172,30.280139243623772,-8.922584685900448
2001-08-11,-4.3409739578621345,16.5452367222633,30.816802141799343,-9.949447308558353
2001-08-12,-4.3241039362478695,14.68474076966458,31.62281821762399,-9.39666573826784
2001-08-13,-4.584077590950408,15.298363024698247,32.536856208662435,-8.72770129788978
2001-08-14,-5.492747422282767,16.27623843712545,31.312931439377667,-9.57002483035357
2001-08-15,-5.752974090231374,18.222188481183235,32.66200928221189,-9.707319815670852
2001-08-16,-5.213378741022005,18.778166523664144,31.853342448279857,-9.24872197016177
2001-08-17,-4.610110799383343,19.597558813413418,32.4612168864652,-9.036607303991332
2001-08-18,-4.783362482849317,19.469716266785788,33.13281549749933,-10.597188342372238
2001-08-19,-3.911630964611356,19.016467631911635,31.21607895119229,-9.728870443244878
2001-08-20,-4.578181475744936,19.72918258971428,32.60801176927035,-10.065362325039297
2001-08-21,-4.358001350453903,18.88657545408109,32.587403420015725,-12.245094245014162
2001-08-22,-4.355279229972304,18.798680184889726,32.71779469206793,-11.799365390188537
2001-08-23,-2.894608838995003,18.307069437510528,30.6112543211153,-13.140416806684987
2001-08-24,-3.9053850327334114,16.732560769979546,31.995443474677206,-14.20205495163031
2001-08-25,-4.1250271600534685,15.58329193526219,33.58357116983091,-14.402596768740741
2001-08-26,-4.3455916962368795,15.731443701029892,33.57321333945262,-16.651051578382315
2001-08-27,-5.7922461625106365,16.130968362295526,33.74053536665653,-16.724669497156473
2001-08-28,-5.8119789874549195,16.147997071335357,34.57844182001344,-19.25932777191339
2001-08-29,-5.374436092306356,14.970961062014942,32.702637415941936,-18.61673432056041
2001-08-30,-3.38727264971292,14.963214179065984,32.84003695725671,-19.402317062884528
2001-08-31,-3.110311541272042,15.839293157677327,32.47260688700069,-18.273225998046012
2001-09-01,-4.3589864474177045,15.510741280170427,32.88375750847953,-17.859974896763667
2001-09-02,-4.679021921690978,16.695780768280382,31.129857445710726,-17.12393750903996
2001-09-03,-5.334355883979344,15.581172673781646,30.593964978609396,-15.923191389320815
2001-09-04,-4.459449371212308,15.539777355893609,31.722059325854083,-14.44142094586998
2001-09-05,-4.41497894941829,14.745151975758217,31.29512382863991,-13.99105121803494
2001-09-06,-4.659674644872304,16.598343874732297,32.64658784718686,-12.875653467509444
2001-09-07,-3.9904675160664533,16.047727720843945,32.06337427319384,-13.728403839822288
2001-09-08,-5.570791058752047,16.10744129883614,31.907489418036924,-13.696548894299887
2001-09-09,-3.515701211458155,14.029433062981191,32.48800415611256,-14.590606490476961
2001-09-10,-3.517521240161871,14.175642970928726,33.58046188879916,-13.860284257693076
2001-09-11,-2.4309477246895836,14.410708925013207,34.80996987788237,-13.688374564580217
2001-09-12,-1.781195263225409,14.171180486384255,35.749949052639415,-13.923962920704637
2001-09-13,-2.154398916711886,14.545080859633382,36.586104754183076,-13.736534291791159
2001-09-14,-0.36159297814222446,14.016543340380018,36.60505389768342,-12.763308368483862
2001-09-15,0.21913054933016873,14.908566351017388,36.71421957652207,-11.895769476187981
2001-09-16,0.7702458426475377,14.865227505265025,35.34441120377036,-11.727214410195225
2001-09-17,-0.7100295193029392,14.561537891503468,35.08706532022538,-13.31507546024245
2001-09-18,-0.4691955242561782,13.533981658894119,34.89319308072499,-12.37724713354749
2001-09-19,-1.041178149435278,13.07732160891611,34.30113692657706,-12.146645932531287
2001-09-20,-0.5332348865778308,11.2070519646436,33.40794613806534,-12.412760700558453
2001-09-21,-0.40130799143025736,12.005199244645553,33.26668989718459,-12.821592130629092
2001-09-22,0.4073792771625984,11.929597717589163,34.02256922436369,-13.43058065306594
2001-09-23,-0.5609386532228919,12.718231171581746,34.13653152461886,-13.99817208261283
2001-09-24,-1.518518072919391,12.534421364349821,33.247294085853575,-14.766732488820843
2001-09-25,-3.3253214309554604,13.204664780804253,31.0858734217583,-15.551156832331507
2001-09-26,-3.0204492060451757,12.026903003030558,32.480661228198485,-15.70103654680189
2001-09-27,-4.44955761729192,12.473950803198324,33.688674964802814,-17.16506817561596
2001-09-28,-2.635968322653965,12.880287173004223,33.063958334732405,-16.367861186480123
2001-09-29,-1.0682581361960084,11.27369055604583,33.228827506667656,-18.197817921139837
2001-09-30,-2.0584295385428932,10.803742796611282,34.00951544968895,-17.440603832969387
2001-10-01,-2.0033370028284683,10.085940883384835,35.4793685502129,-16.834040763444133
2001-10-02,-1.5578120323595295,11.702216850999873,34.78603710951258,-16.48457894273345
2001-10-03,-1.2103084704680525,12.052773434082901,35.10716875309076,-16.83105480105636
2001-10-04,-1.987460039415388,12.01795203934954,34.713794468501334,-15.936023048891535
2001-10-05,-3.057692809313171,11.888762221314874,35.81659742529675,-15.764885558962503
2001-10-06,-5.35798117577082,12.504856096064303,35.93982967653266,-14.514513364226419
2001-10-07,-4.54121360901995,14.115594772349182,35.759628589457584,-13.211739621488675
2001-10-08,-4.506414774535037,14.852029737213872,36.37919739583042,-14.261646209182759
2001-10-09,-4.169268224499428,14.987384180267256,37.10023932061133,-13.57133781581527
2001-10-10,-3.666867872163333,14.953821061358036,34.97928107514021,-13.39300362356884
2001-10-11,-2.111546697585518,14.390485293097127,35.17228495655655,-13.005175891809676
2001-10-12,-0.5937581931341671,13.26217304714928,35.089305024772585,-13.996021600478139
2001-10-13,-0.339151894851434,13.17106925120426,35.9867046158975,-14.046358028991136
2001-10-14,0.06766912338484954,15.333858271371062,35.0696147124282,-13.897244694886218
2001-10-15,-1.1695054294213714,16.14125515077715,34.85743627915784,-12.879407352587654
2001-10-16,-1.607119760262849,16.397524945060272,35.754922864368055,-12.721066083861952
2001-10-17,-2.114018817391347,16.746828561568275,34.91812812565918,-11.737248279659772
2001-10-18,-1.3708846978004665,16.778756946689345,35.07790769712872,-14.502373548213395
2001-10-19,-2.8747174775916884,16.50116625424099,34.85380338931197,-16.405114631098396
2001-10-20,-3.4659622921062536,15.873443394887145,35.23859159515633,-16.10185086022376
2001-10-21,-4.213455559581459,14.782185921260707,33.98864949702745,-15.843476386684275
2001-10-22,-4.252264259784078,14.44589440882361,33.696142948297165,-15.297709799148018
2001-10-23,-4.5335057973160895,14.460374624889893,34.355151325690805,-15.070561612222486
2001-10-24,-4.491951573830794,14.263780878936037,33.51451222502721,-14.730814497229028
2001-10-25,-4.638639308563336,14.13133572453821,31.226462982715535,-16.871021956427334
2001-10-26,-5.071224649697938,15.761380881346549,29.76236215066184,-16.31687387770407
2001-10-27,-5.73363085421104,14.696428808377961,30.76024795296457,-15.829259516697334
2001-10-28,-6.198865588196565,15.160453959096365,30.709375018264428,-16.389866652044017
2001-10-29,-5.707664882603532,15.736501184029956,31.51492721882588,-17.473206632060254
2001-10-30,-6.018131263273915,16.482317213360478,29.49036569192234,-17.021323889745865
2001-10-31,-6.208907032932178,16.601144413009393,30.890732164473313,-15.49850034768819
2001-11-01,-7.0727969515656826,17.262814563401403,31.49364597661085,-16.7733526880351
2001-11-02,-7.063245387129564,16.749033264168116,32.047699690293214,-16.806549758495745
2001-11-03,-7.3841185055850005,17.153224837209834,30.26902220623513,-18.702456585102453
2001-11-04,-8.409323721747755,19.2926773630495,32.10949053281787,-18.223952822755145
2001-11-05,-7.219267560242829,19.33133819268671,31.249034265356485,-18.63035442520321
2001-11-06,-5.6746625075605275,18.528691860832005,32.173159405913445,-18.04017838756847
2001-11-07,-5.939554582644055,18.92151388479933,32.81375988187442,-17.43638162937846
2001-11-08,-6.731452449338199,19.228673636739053,34.32965562094554,-17.801127292282974
2001-11-09,-7.396792812976573,20.304356130936153,34.86444866810048,-16.850606313350916
2001-11-10,-6.972127981492794,19.844256810788863,36.66711254575095,-16.258267608904557
2001-11-11,-6.736531734271266,21.514110307096022,36.20340774038414,-15.031423022109218
2001-11-12,-8.468872622616,21.430470708142007,34.315768091901106,-16.41957847036738
2001-11-13,-7.176937571332395,21.260311761779864,36.15027245342186,-18.016644311905335
2001-11-14,-7.114227236459707,22.417496494352836,34.51309550752825,-18.877408799233155
2001-11-15,-7.869742614175064,22.232998288314015,35.45791611785676,-19.736591294267477
2001-11-16,-8.571041145314839,21.26068041853978,36.6487860874203,-19.161848564404973
2001-11-17,-6.589898535211953,20.635560479934234,34.922479497356925,-19.083169515022224
2001-11-18,-6.4035467640990875,18.812287388850933,35.69394255320486,-20.581289371072355
2001-11-19,-7.038367474445545,19.130867619209155,35.84175412726088,-21.48047288873682
2001-11-20,-7.526103079589675,19.842436785065207,35.26573454626757,-22.065071704925362
2001-11-21,-6.057391487507009,20.99354293455331,34.04873154099804,-22.87545837246127
2001-11-22,-5.2397173378894335,21.46261431056808,33.94453113775294,-24.63353995602858
2001-11-23,-5.383132316641676,21.302273019934283,31.949700753018753,-24.748471172594776
2001-11-24,-5.641099478210516,20.668736132870105,32.496088050316075,-25.40354995640504
2001-11-25,-6.995258556647077,21.95021190643274,33.14555680173538,-25.38624868106904
2001-11-26,-8.288938452875875,22.50836318786237,33.28631362637094,-24.665392656185965
2001-11-27,-7.832530366033471,22.30201186138471,32.716669696938965,-23.5706912032516
2001-11-28,-9.478782915478872,22.910443659508108,34.62143117796687,-24.511713707952563
2001-11-29,-9.698166881252607,21.980967446426085,34.3450845468251,-22.53706270831495
2001-11-30,-8.148616708688348,21.592987561163426,37.34641400631885,-21.5709608175811
2001-12-01,-7.294243694244097,21.668287782012627,37.1521613362743,-20.06206262644988
2001-12-02,-6.232403659387609,22.657131198988136,36.68446761207332,-18.92781832932603
2001-12-03,-5.837179396947027,22.70714338950663,36.31419885249903,-18.773129663975855
2001-12-04,-4.146172380881592,22.49997347372775,34.76166897774023,-18.267999980448035
2001-12-05,-4.928522825857679,20.56503356324908,34.63590901109017,-19.608036931410204
2001-12-06,-6.7089629503806805,20.152136110126722,34.71317169831337,-18.139601809431067
2001-12-07,-8.670566967243314,20.36233809163647,35.02429142078303,-17.85997800889384
2001-12-08,-10.026906513728754,21.06411135576629,35.870688691047434,-18.554071793063056
2001-12-09,-9.239603049319891,21.4866248731309,34.59423907259634,-18.141507830623212
2001-12-10,-7.517139345807875,19.139841665262196,34.96890818593474,-18.841076603577932
2001-12-11,-7.857693044825372,19.568258147036797,34.82027649518276,-18.31428783852423
2001-12-12,-8.425191701565653,18.699150305046278,34.126267440918454,-19.505381741163013
2001-12-13,-10.526273848914226,18.770989846966806,32.222067921267566,-19.07671855348822
2001-12-14,-11.103060942915551,18.246427632215397,31.680421372675717,-19.474479371438836
2001-12-15,-9.839888708650385,17.42908208402845,31.435271714930956,-19.98117187875454
2001-12-16,-9.28119198471691,17.039244729020847,29.821607489343666,-20.351808262705028
2001-12-17,-10.558730258469685,16.909288968469696,30.82019059423054,-21.206219506398828
2001-12-18,-9.614895690529346,17.93072074487833,30.49749855834056,-20.841296907845905
2001-12-19,-8.31403467890112,18.14981921324121,28.94203433362876,-21.02480542875567
2001-12-20,-7.55351523055532,17.811734978726562,30.22703618672822,-21.278676506805592
2001-12-21,-8.437843309371488,17.858957866052602,29.450594146174545,-22.959992974761402
2001-12-22,-7.405162434723306,19.618317555686343,29.595524906997,-23.225580671689
2001-12-23,-7.535034760011176,20.073085825811553,30.125773191453266,-23.81616644167723
2001-12-24,-7.16941265518324,18.717913326083433,29.17234049445789,-22.01299157995937
2001-12-25,-5.8882060554369975,19.185956708935702,30.395628929845316,-22.01695139520743
2001-12-26,-6.541276936443564,18.82168356872219,31.722938176638888,-23.867584447728724
2001-12-27,-6.810911637999354,19.346446074950006,31.134516875059056,-24.00339210478761
2001-12-28,-6.493072778283151,20.037264759705604,31.23929008138513,-23.78339468058548
2001-12-29,-4.506552953937016,21.288770866156934,31.264060278505806,-24.535913142933232
2001-12-30,-4.801088506486081,22.02309979977438,31.716508621393334,-21.81594701287645
2001-12-31,-5.548235026931683,24.150662057368045,30.337740324741194,-21.01738540719144
2002-01-01,-5.1986392813873525,24.411406125201786,29.75745736538845,-22.02096813532893
2002-01-02,-5.266618938393022,24.765009743568175,29.58638625171192,-21.31525673392869
2002-01-03,-3.306762428208631,23.505898308728625,28.983738298604464,-21.671235023293384
2002-01-04,-2.5458381695605885,23.30502634814569,30.583605707872437,-23.549074001086517
2002-01-05,-3.1933103151801463,21.765603021229907,30.517536648552202,-21.98909538591654
2002-01-06,-3.869248075673952,21.343124299626872,30.658888811880132,-20.89907406736124
2002-01-07,-5.417764898834166,20.496480577667505,29.950106759830597,-21.00558154179797
2002-01-08,-4.391459558866531,19.668563021681962,31.2339838601472,-22.132513236688563
2002-01-09,-4.319645262295046,20.442106968722992,31.226579586536392,-20.305587604860385
2002-01-10,-3.7093439789520377,19.641470967396813,31.36335399820494,-20.742408672365407
2002-01-11,-3.262221355246973,18.701757699665936,32.021106265567916,-21.25111750645894
2002-01-12,-2.6573756926173986,17.524392709457594,32.21145950188902,-22.020355517722873
2002-01-13,-2.214203274245821,16.703462451579743,30.3599377673898,-23.713167044104978
2002-01-14,-2.142109173083959,17.113807527022296,30.61192267536564,-25.060112474137508
2002-01-15,-1.6653418415258352,17.641369559512555,29.03322524145922,-25.378185879477456
2002-01-16,-0.1992597069360067,17.88723770912913,28.593933718666708,-25.691494223686668
2002-01-17,-2.4242245082659415,17.587169672438645,27.81551936387437,-26.126269076870884
2002-01-18,-2.128212452517817,18.835965492301327,28.866419549352276,-26.7578017245835
2002-01-19,-3.1298281321096497,18.027279183959248,27.00162102830236,-26.035042813908547
2002-01-20,-3.946770946865233,18.791545253262626,27.131222785673078,-25.569489284234972
2002-01-21,-5.044560861662205,19.36817063760814,26.128248692956316,-25.54340098204287
2002-01-22,-5.855707624440946,20.027518734027467,26.78293807417158,-25.2438842323888
2002-01-23,-6.941593902692402,19.078570402935284,25.863122344209813,-25.894418771967924
2002-01-24,-7.10310984542307,18.04880516147365,24.107771138609245,-26.356996200983826
2002-01-25,-6.044405716478027,18.017965735896915,24.96248582474083,-25.188300006834204
2002-01-26,-5.094797436725139,17.314082834683294,25.991233615398396,-24.836040495947593
2002-01-27,-4.612364479925804,15.754556584052748,26.665304804149685,-24.734200963726725
2002-01-28,-5.085658169142377,15.819223661660278,26.431267074422223,-23.513833963235918
2002-01-29,-6.048841297239416,15.657514707649957,25.71518761665375,-23.465462661880505
2002-01-30,-5.93256679755707,16.37655100805246,25.30899832086935,-22.80188637646572
2002-01-31,-6.489506440046712,17.96750924194993,27.213387402770042,-23.627367243173445
2002-02-01,-7.567367092149326,17.85014740541504,28.938135982066726,-22.150854244314655
2002-02-02,-8.369894988602915,18.321715664827906,30.027436538313047,-23.262947295184134
2002-02-03,-7.936049703191631,17.80506775404017,29.391461577278456,-21.05660438327917
2002-02-04,-7.014069374858714,18.28760149785901,28.291075686774715,-20.30215187851569
2002-02-05,-5.966319356062875,18.592537100722645,26.53112061058348,-21.02874058795791
2002-02-06,-4.425178938498621,17.418202966225763,25.957665092732743,-22.978139197352395
2002-02-07,-5.961120056145742,19.009883183076305,25.305031339908044,-22.491411548393014
2002-02-08,-5.932327243178782,20.385883396463292,25.04388353710453,-22.07599583086214
2002-02-09,-5.0213535778831,19.172460068859756,24.656716398684612,-22.310764942257702
2002-02-10,-3.567356903056332,19.396633783589287,23.790953407862464,-23.062136982382647
2002-02-11,-1.9610098884059772,20.455851031170265,23.627107726354094,-23.57324594876074
2002-02-12,-1.7423381366116835,21.436061030064923,24.938719730928135,-23.549831917197682
2002-02-13,-2.4182716005101383,20.31086831207467,24.41037273537757,-24.16220854865197
2002-02-14,-1.7732120261421107,19.586275509332896,24.498575402000036,-24.620677917289232
2002-02-15,-0.9665817596789007,22.28687335294459,22.269612993154368,-24.62099786824972
2002-02-16,-0.10776610632807071,23.993616852341077,22.0651774613546,-26.167443821331414
2002-02-17,1.2758969801932123,25.45850145294781,22.621717910812162,-25.488293858479935
2002-02-18,1.5092802587432916,26.452700799970387,21.49658271201835,-26.01673511508306
2002-02-19,1.2176147369930637,26.93862441337729,20.901246494796457,-25.17506974506976
2002-02-20,1.3894948141043975,26.419236888352593,20.595460428648156,-25.940678348979688
2002-02-21,3.181633973882928,27.07946494071933,18.473045402532435,-24.523938057899844
2002-02-22,3.7618067419475665,27.392526968442883,18.008399179263176,-24.991684235139722
2002-02-23,2.6960966161004105,28.310276273233235,17.047157919813735,-23.753255469361285
2002-02-24,1.0179440341394892,27.355010136991126,17.871218043451854,-24.83370064431387
2002-02-25,-0.25400646059409393,27.745428778720086,17.464850446381885,-24.639265453969966
2002-02-26,0.42110473390161196,28.072763723937854,17.787125365575505,-24.439013502117117
2002-02-27,0.8054497942316641,28.831444805117457,19.49302053848489,-24.293813078775546
2002-02-28,0.653301172538384,29.04709186831409,18.46780164955692,-24.315915129250424
2002-03-01,0.2658039151358849,28.217110398453226,18.39147303292332,-24.278611067930512
2002-03-02,1.5801159015902486,26.252393434856884,17.915766459985115,-24.738039279722077
2002-03-03,0.7141877703441932,24.515338875859484,16.67834344666594,-24.087727933859277
2002-03-04,0.6979087017068282,24.41337215928479,16.863679665382897,-23.848161693335673
2002-03-05,-0.3660765057548012,21.610675273363555,18.69771351292545,-23.68164848041892
2002-03-06,-0.14810432594546685,22.74671404673564,17.57757318335537,-21.938268752996088
2002-03-07,0.46376606635947826,23.231210183932088,18.282955835680557,-22.503518141705445
2002-03-08,0.8721450627801012,22.040990691959536,17.61604236599851,-21.248824719295182
2002-03-09,-0.5716391824630384,23.312769447740063,18.448751606787393,-21.196905747099166
2002-03-10,0.8813027754506638,24.46761514734865,19.61630347322395,-20.94087935594799
2002-03-11,0.3524758053195258,23.87745951598947,20.199440396503572,-20.245269480608048
2002-03-12,-0.5481273703078514,21.84923181149382,21.225377431363736,-18.170135408279155
2002-03-13,-1.5052647144365856,22.540256195248848,21.27864254853278,-16.4585522305568
2002-03-14,-2.992613493565634,23.729432204201256,19.90500595236602,-16.16514822426166
2002-03-15,-3.1686943533355376,25.831037062611188,20.40548084402201,-14.869493171789378
2002-03-16,-2.9214684519490555,26.686951428501487,20.809006607178027,-14.206165761535681
2002-03-17,-3.205014175672857,26.904437341808492,20.276994539407784,-14.441533343007377
2002-03-18,-2.9162670299764373,27.623915147133836,18.428247103632845,-13.838229930847998
2002-03-19,-2.780196562622061,27.98485113027185,17.801032471040873,-11.985626669297027
2002-03-20,-2.8944065016375946,27.207018494268855,20.114288094028602,-12.741938697767736
2002-03-21,-2.138719683142103,27.27985754688389,20.50576234024606,-12.643026364790373
2002-03-22,-2.5485190867610834,28.181343649666186,20.852900678579115,-13.630377000334828
2002-03-23,-3.364845586715391,27.39961606527256,21.10538391454026,-17.236910060976605
2002-03-24,-5.610078954920665,27.894225001229092,19.864748985700842,-19.705324994678463
2002-03-25,-4.177995976016942,28.225575759284713,19.361840399246546,-18.031651640062503
2002-03-26,-3.3635060389457223,28.073021992690663,20.81821146593948,-20.965925553541553
2002-03-27,-3.370515631171474,27.37828328104308,22.073802840548357,-20.606557284728304
2002-03-28,-2.187915953988502,27.8114908887643,20.221811877686,-20.663170900510966
2002-03-29,-0.8054056112718888,27.409923304949253,20.522227846966445,-21.505707188201644
2002-03-30,-1.9326110826536036,26.759485554396083,20.565219300228442,-21.87606083384389
2002-03-31,-0.325591356059058,26.35842604064188,19.552648574155274,-21.447423216868774
2002-04-01,0.48932477945505826,26.4349167684757,18.496723934712755,-20.335567744340857
2002-04-02,0.41763793408288163,26.964904126353723,20.44979753039591,-20.279430777496565
2002-04-03,1.362785452552219,27.64881008713455,21.393598034273023,-21.281243058648524
2002-04-04,0.8560275229437406,26.95351002578629,19.99669932148639,-20.012973077492386
2002-04-05,0.721082863716918,26.59377657699045,19.09540594025963,-19.702769331448636
2002-04-06,1.4836313248424364,27.644606225839865,19.031932534704783,-20.312424261000093
2002-04-07,1.7642965890111315,27.168782069600052,17.47622427836443,-20.42699539447267
2002-04-08,1.1147138570623683,26.392356292321246,17.047370101763594,-19.945428923023183
2002-04-09,0.6949290543916062,25.25022172146864,16.47180324057424,-20.12688611630803
2002-04-10,0.8625888018502168,24.8424187257813,17.396743379526576,-19.966184310741944
2002-04-11,0.1135297695174049,26.068779676345134,16.539376256343356,-21.437106113149586
2002-04-12,-0.9138715790042071,26.758496284902343,17.22230920936782,-22.162708608511693
2002-04-13,-0.5408214374141196,26.8236067986726,18.27284023427722,-24.42939713012006
2002-04-14,-0.46135497519685564,26.631428131574282,17.332714921161184,-24.692066109606817
2002-04-15,-2.108257070562162,25.288543542551146,16.096247156972048,-25.094222244869623
2002-04-16,-3.023426928440518,25.847158186759327,17.159447150205793,-26.271197253494137
2002-04-17,-2.5264773938389182,26.25975872939652,17.615236980731034,-27.282009080189543
2002-04-18,-1.2683751853671197,25.49831135280798,18.06463375052382,-26.936073384657227
2002-04-19,1.1196929679052587,25.68724080274289,18.0420493091333,-27.20134241470942
2002-04-20,1.3652128591848496,26.93126160722255,18.303746653644453,-26.521759359858933
2002-04-21,1.0284455541444624,26.542034670631097,17.90448030834326,-25.62114381392774
2002-04-22,1.420844948580753,25.887058168656342,16.20513068957871,-25.868406592929457
2002-04-23,0.7406401785342791,24.40489901398359,15.7128189920878,-24.8945298374111
2002-04-24,-0.6337348264615603,25.030337110101957,16.404005703439754,-23.36584318180491
2002-04-25,-1.029975213781278,25.1813384630747,16.643005731148705,-23.985619095230494
2002-04-26,-0.3176404442379198,26.69778111904255,16.570424944823806,-24.679681084613645
2002-04-27,-0.4589945840503422,25.763958821077434,17.569807196040628,-22.552757509988865
2002-04-28,-0.3797753804012224,27.442998096987463,17.13635241973858,-22.076792574016284
2002-04-29,1.63711098373718,28.07532539240466,16.85368741443543,-23.563279404263515
2002-04-30,1.8061200251299478,28.176807133084807,16.455739416898076,-23.794884026971857
2002-05-01,2.1270445778362737,26.979764303120234,15.95101082273214,-23.5662633758541
2002-05-02,-0.18294045429486205,26.763278284657442,15.72033600637628,-22.31088723768353
2002-05-03,-0.9807322404416889,27.923974744999708,15.523877157472779,-22.138848634362446
2002-05-04,-1.0371135733382972,27.63184392731228,15.285285726501542,-22.79451189043231
2002-05-05,-1.3648276221139306,26.459222365113288,15.353258121301282,-24.020702322295016
2002-05-06,-2.503835295052796,27.551673276164074,15.482083170430517,-25.224294706380405
2002-05-07,-0.8702220841718222,27.991370403710903,15.178168000861815,-27.26625590780025
2002-05-08,0.8321941395325034,26.856437204209385,13.856854083466311,-28.03467093017122
2002-05-09,1.6470939559280917,25.905423082215666,12.626843016156041,-29.08940053384704
2002-05-10,1.2171989484965093,26.500459197084748,12.754134500951928,-29.774084479861727
2002-05-11,-0.2965417266831809,27.42810846200285,12.57887217939604,-28.89993641876979
2002-05-12,-0.6223920655959637,27.551314015473103,12.498146369692977,-30.67280794892633
2002-05-13,-0.3677279235437024,26.359396667291968,13.475501552320662,-30.42307459294836
2002-05-14,0.6692052976637208,26.33802248601027,14.380121798048767,-29.405589342275444
2002-05-15,-1.8370067407882844,25.854576951737553,13.740444006107536,-28.802734405973865
2002-05-16,-0.21486599308307763,25.863401655052375,13.539069019331269,-30.63513150936332
2002-05-17,-0.016512758501282865,26.42746473340505,14.965710670246827,-30.05102387778624
2002-05-18,0.8078251294917066,25.356870157187622,15.36028570962004,-29.685554337797086
2002-05-19,2.076730574712662,26.271531807051936,13.505696398374194,-28.341794583221496
2002-05-20,0.9414135016439618,26.138173470189066,11.623546687032928,-26.51486375602016
2002-05-21,-0.5339731945546726,26.169501405344935,12.988462551739776,-27.972397144646887
2002-05-22,-0.14065893348071068,27.108204707631252,13.315641789379026,-28.566357743416493
2002-05-23,1.235645305783034,26.436417986177386,12.098065210229011,-28.454232386327316
2002-05-24,1.5552800153938662,25.08664006116574,10.668547444521657,-29.113302677804057
2002-05-25,2.329119025627886,24.22773760562975,12.168938435171391,-28.275946016853357
2002-05-26,2.0307783514327284,23.538016931329192,12.848662054327857,-28.17995737371085
2002-05-27,3.1544977150502826,24.14162773352045,12.40124676574034,-27.35658414678313
2002-05-28,5.0979254958456846,23.433807656536867,12.15446218144267,-29.065958895136824
2002-05-29,5.195909854245764,23.750963204329537,13.29250005432474,-29.326173307161895
2002-05-30,3.207536709440407,23.21012493493442,12.570830471212052,-30.299971553481182
2002-05-31,2.270310687797601,22.783767246923045,13.025105189042305,-29.215847296748354
2002-06-01,0.8214228442360187,21.54589044610204,14.227720410388525,-28.9730283949553
2002-06-02,0.9883786134016533,22.058858381481972,14.838007675899991,-29.016468706464533
2002-06-03,0.8370031771247546,22.285893303335662,15.026733912894795,-28.530251855683613
2002-06-04,1.261626563969039,22.0397177727506,15.3000471240007,-27.489472258967304
2002-06-05,3.104762958500698,21.05705902172853,13.576731150923283,-28.75170685004361
2002-06-06,4.748862589156966,20.73801372603383,12.151259769563303,-27.567066099404414
2002-06-07,4.589447615661012,20.691930820266048,13.17267154872806,-28.45220044348566
2002-06-08,5.332438482557693,19.875975192892472,13.64281498733224,-26.613379208747553
2002-06-09,3.6519590667094386,18.494807812806457,13.333599388587219,-25.983686411746387
2002-06-10,2.1391596142942726,16.73865822731736,12.869184813112183,-26.46200655238186
2002-06-11,0.804643451574218,14.994727956801237,14.336277501859731,-27.936194835726962
2002-06-12,1.2449604689821419,14.142528275739096,13.218213993490895,-25.507106006685973
2002-06-13,2.271868405703454,13.721857688699256,11.878943209972583,-25.999125578434835
2002-06-14,2.9463658803946835,14.131690770376489,12.041249178921994,-25.42078065696569
2002-06-15,3.5084228546320695,13.185298983283168,12.302614178834885,-25.772406206363026
2002-06-16,2.277212038996585,11.76137426348138,13.606098899799006,-26.466044004552746
2002-06-17,2.70629076059794,12.237815798575747,14.296995069077473,-25.784146483632156
2002-06-18,0.9686346123214089,10.942000781884014,15.621106731790459,-25.66862834941666
2002-06-19,1.601221092702131,12.085552016183144,13.697459650090709,-25.240252412575387
2002-06-20,1.9773961788359606,11.659302850184218,13.681604530234955,-24.73310313699796
2002-06-21,2.031126133941108,10.841897858747258,15.229251305193252,-25.438570158238928
2002-06-22,1.9185442587950565,11.27634050743682,15.705026435595233,-26.87755983385263
2002-06-23,2.0474598542872506,10.755914860934087,15.289502065998258,-27.087584777924466
2002-06-24,1.727035840332978,11.459067933699274,14.420459125167644,-26.674538614892228
2002-06-25,0.6299308757789392,12.738285719592565,13.678475241931828,-27.18394912924155
2002-06-26,1.2446180467512347,13.772431654618263,12.877861287087345,-25.405116287568575
2002-06-27,1.5509313982919057,13.103270284601821,12.830328009567117,-25.269431292109807
2002-06-28,2.1031500914303414,14.752001103730219,12.162451948182165,-23.71967098707934
2002-06-29,2.1448907530992454,16.181272951593865,10.619296952109513,-23.772324709293265
2002-06-30,-0.19071277127254538,17.755229967574195,12.659001924711195,-24.730787914489593
2002-07-01,-0.5854200144996987,17.565851280239016,13.542469948505055,-27.04069330152384
2002-07-02,-0.39523481243124825,17.27560605508283,12.097326911757202,-27.552778308771103
2002-07-03,0.10620817960700812,14.654095464296077,12.010216525686767,-27.04280403508376
2002-07-04,0.3359001390831704,15.374300406102662,13.566156678256364,-27.74117011064007
2002-07-05,2.6359997382832763,14.5022103545538,13.027053259215295,-27.853543093170774
2002-07-06,3.837977181748621,14.835318237070402,12.994654017951037,-27.78377510909684
2002-07-07,5.033946219488538,15.656794932240002,12.207572281279816,-28.68254886645123
2002-07-08,3.849703758371181,15.79094138734006,13.300377337570099,-28.115741072057553
2002-07-09,3.9980496953597844,16.791838908964007,13.73047995722836,-29.14213986618599
2002-07-10,4.558319443768637,17.59696577358746,14.06469551612612,-28.590526492224868
2002-07-11,5.034897967856481,16.385949934624627,13.270467276435665,-27.99043916154666
2002-07-12,4.063595359380632,16.87470156430425,12.455693940688207,-28.479916067693953
2002-07-13,5.02276562814709,16.72889301911888,12.513571172373341,-27.801339133946158
2002-07-14,5.09543656721784,17.292037049817125,12.882339230087382,-29.10541603109262
2002-07-15,3.9790438416062655,18.03611445234324,12.624435379980188,-28.92758917684405
2002-07-16,3.264140197602389,17.691928386809536,13.972939906055636,-30.635019216569063
2002-07-17,5.160369877577509,18.026173526996466,14.749292154361703,-30.812704571058443
2002-07-18,4.023966614641441,18.719237981306726,15.192059364698537,-30.26988143396429
2002-07-19,3.4333918320181076,18.008710211044722,15.510263923912115,-29.70775335693517
2002-07-20,2.2132689235695935,18.696853082839148,15.661867386624717,-29.810252326074686
2002-07-21,3.5036983384645737,18.970744649000785,14.5513580490871,-30.86817359764835
2002-07-22,5.026284368721992,17.980134752242645,14.969747570508135,-29.464461782978695
2002-07-23,5.638780226426925,18.41569438876466,14.037196259791104,-29.76295549454147
2002-07-24,6.7829138958386155,17.775198175483,15.188231806014379,-30.8604834821223
2002-07-25,5.307887059472207,19.082428990205393,14.547432901450062,-30.801563132887754
2002-07-26,4.5767425480755355,19.08037132929235,15.065620568112868,-30.39436627377913
2002-07-27,7.183102962726798,17.833807312482662,14.430629177436947,-30.937516408369547
2002-07-28,5.529103099970108,19.482644279770025,12.698552940839782,-32.048975008381085
2002-07-29,5.91746847466658,18.971866573547192,12.97753823435971,-32.53741582056477
2002-07-30,7.5519512204039945,19.01165046578925,14.697621132021672,-31.018086282797437
2002-07-31,8.624338301990699,19.044383155972753,14.378963676285801,-32.11713526069224
2002-08-01,9.498876793332599,19.08490657804954,14.183340350669527,-33.71814876293041
2002-08-02,7.3980322696084535,18.830322544698173,13.583103698850982,-34.51132501149876
2002-08-03,5.054325151615668,18.325727491426363,11.811217317921269,-35.422001244576634
2002-08-04,4.359248802016984,19.71214870250079,11.824914687083513,-37.656071186628004
2002-08-05,5.289363067502851,20.42315969641559,12.835451405596576,-38.9291439044986
2002-08-06,4.368180022584333,20.344484585001855,13.638112381599626,-39.02086605745172
2002-08-07,4.008503760548059,21.19397547658791,13.495535897801268,-38.88787680462563
2002-08-08,3.6401431386807195,20.070996371964377,13.004817610918428,-39.349787711521266
2002-08-09,3.8115577230171294,18.665050660821834,13.112609707321587,-39.91409900553933
2002-08-10,2.7500134588265004,18.8119537484219,13.448615315996493,-40.0343096374903
2002-08-11,3.4391688691254556,18.515868492147455,14.158123235963718,-39.38281918779261
2002-08-12,4.227220790569812,16.16965085511415,14.21439662020016,-37.816907812346784
2002-08-13,3.8306907403420056,16.91648913525609,15.231978510791478,-36.71909667616615
2002-08-14,4.75697054644837,16.96805420494699,15.406045406898471,-37.667984606801916
2002-08-15,3.7122241820181205,16.465778025227156,15.609092972149295,-36.33718842297217
2002-08-16,6.259376756022153,14.824384204007558,16.762060074362317,-35.10132462501048
2002-08-17,5.372469068340353,14.01545642060739,17.14164082887826,-36.747247641833674
2002-08-18,5.1755779241210815,13.103226623866869,16.353201901458178,-35.96845098086939
2002-08-19,3.4795972948892286,10.93496931235602,18.595026333779177,-36.08465733239965
2002-08-20,2.5765638365729058,10.588006561656712,18.891765271330662,-34.98479410194693
2002-08-21,4.187574679038746,10.284634015715461,16.11561504340951,-36.73277882002235
2002-08-22,3.785461191420293,11.896398138826864,15.70898405444847,-36.78017633187264
2002-08-23,1.9463861790876766,12.579217460646962,15.589879123402273,-36.41322573654882
2002-08-24,1.8579870035900217,14.950625021494803,16.701500569184926,-35.334484480409564
2002-08-25,1.6746730347971437,13.651874008141617,16.210930223526727,-34.00085969173824
2002-08-26,1.7256961521142533,14.889963582243936,16.32904020587424,-33.217710963520226
2002-08-27,2.03927214321333,13.567758143435459,15.989104886309665,-34.29579272643784
2002-08-28,2.903713276358806,12.574935000487429,16.465626064648855,-32.483227970845505
2002-08-29,2.8080514655540005,12.286404939029346,16.37192744849825,-31.77406465438295
2002-08-30,2.3237860919578086,12.357762838159864,16.6611703793141,-32.46546414020917
2002-08-31,2.9041502783317252,11.642235690153505,17.06577315251375,-32.84190671636862
2002-09-01,3.3642202627052114,10.270877439960552,17.351911931037023,-31.0448688281965
2002-09-02,1.9960455848643408,10.855944784419334,18.63564114619826,-30.468421899887677
2002-09-03,1.6906039362184109,12.57464889136137,18.055594523567695,-30.433300374314687
2002-09-04,1.8819759874347475,12.777207449840104,18.005666173651775,-30.934817007626197
2002-09-05,2.039401491377577,13.074219710409979,18.308384311712008,-33.381881083325595
2002-09-06,2.1069746327524204,13.12980394760537,18.225565096593527,-33.212367613640666
2002-09-07,1.362893983141638,12.382048210599642,18.782386943807236,-31.919052586174722
2002-09-08,1.024476761028288,12.327937479854928,18.305621296976952,-32.59601435499871
2002-09-09,0.3855848210399707,12.85699937999066,17.767607897811196,-32.0721483326409
2002-09-10,1.491306827722274,12.650898609607559,17.98479550122144,-31.96734637129782
2002-09-11,1.5572592780577175,14.553079350224492,17.657534805515535,-31.89486595723673
2002-09-12,0.33258298683728205,14.027702616527552,17.70822295691874,-33.202610311315674
2002-09-13,-0.5537339310256069,15.802935223119333,18.524033925858454,-33.39977758219897
2002-09-14,0.8068504256268396,16.14397030812642,17.721341523127744,-34.52597729037533
2002-09-15,1.4065689912639905,15.70068741544878,17.440847295794185,-36.06977217412029
2002-09-16,1.5377819332266969,17.587720210768218,17.634123543069663,-35.03504318524806
2002-09-17,1.0813852579256165,20.509339573462405,17.658008903262907,-35.715332559098925
2002-09-18,0.6457481440569239,20.416038687270465,17.989593607695138,-35.129000288299906
2002-09-19,1.1216685936569888,18.876499582288822,17.935982905404686,-32.634332933488125
2002-09-20,2.526437203405342,17.503092415042378,20.009357672610676,-32.9580267535058
2002-09-21,2.510778117965327,20.37364660614199,19.686228867354234,-34.60555086064083
2002-09-22,2.2783525640097646,19.095658832023407,19.66152450663584,-34.876654254946565
2002-09-23,2.301494002035472,19.684551742101384,19.1781731095506,-35.243245756949015
2002-09-24,1.4712197434492222,20.172961611543418,20.050501560802374,-35.74267901194843
2002-09-25,1.6048306181252376,21.438738315461247,18.88203963802317,-38.19660381781601
2002-09-26,1.0202340743942124,21.317882550380364,18.21145833836972,-38.10632416035028
